<?xml version="1.0" encoding="UTF-8"?>
<beans xmlns="http://www.springframework.org/schema/beans"
       xmlns:xsi="http://www.w3.org/2001/XMLSchema-instance"
       xsi:schemaLocation="http://www.springframework.org/schema/beans http://www.springframework.org/schema/beans/spring-beans.xsd">
    <bean id="/dml" class="dml.demo.controller.FirstController"></bean>
<!-- 控制器映射器
    <bean class="org.springframework.web.servlet.handler.BeanNameUrlHandlerMapping"></bean>
    <bean class="org.springframework.web.servlet.mvc.SimpleControllerHandlerAdapter"></bean>
    <bean class="org.springframework.web.servlet.view.InternalResourceViewResolver"></bean>
    -->
</beans>