<beans  xmlns="http://www.springframework.org/schema/beans"
        xmlns:xsi="http://www.w3.org/2001/XMLSchema-instance"
        xmlns:context="http://www.springframework.org/schema/context"
        xsi:schemaLocation=
                "http://www.springframework.org/schema/beans
	        http://www.springframework.org/schema/beans/spring-beans-4.3.xsd
	        http://www.springframework.org/schema/context
		    http://www.springframework.org/schema/context/spring-context.xsd">
    <bean id="emp" class ="lzq.demo.dao.Emp">
    <property name="name" value="张三丰"></property>
    <property name="age" value="200"></property>
    <property name="gz" value="500"></property>
    <property name="jj" value="500"></property>
    </bean>


    <bean id="empService" class="lzq.demo.dao.EmpService"></bean>

</beans>